{"cameraMode":{"drawMode":0,"name":"Shaded","section":"Shading Mode"},"sceneLighting":false,"audioPlay":false,"sceneViewState":{"showFog":true,"showMaterialUpdate":false,"showSkybox":true,"showFlares":true,"showImageEffects":true,"showParticleSystems":true},"in2DMode":false,"pivot":{"x":0.0,"y":1.2249999046325684,"z":1.2306263446807862},"rotation":{"x":0.2869090437889099,"y":-0.0028738698456436397,"z":0.0008607320487499237,"w":0.957953155040741},"size":20.696834564208986,"orthographic":false}