{"cameraMode":{"drawMode":0,"name":"Shaded","section":"Shading Mode"},"sceneLighting":false,"audioPlay":false,"sceneViewState":{"showFog":true,"showMaterialUpdate":false,"showSkybox":true,"showFlares":true,"showImageEffects":true,"showParticleSystems":true},"in2DMode":false,"pivot":{"x":1.2755231857299805,"y":3.264035224914551,"z":-1.8446080684661866},"rotation":{"x":0.44834280014038088,"y":0.016890227794647218,"z":-0.00847445148974657,"w":0.8936619162559509},"size":11.984885215759278,"orthographic":false}