{"cameraMode":{"drawMode":0,"name":"Shaded","section":"Shading Mode"},"sceneLighting":false,"audioPlay":false,"sceneViewState":{"showFog":true,"showMaterialUpdate":false,"showSkybox":true,"showFlares":true,"showImageEffects":true,"showParticleSystems":true},"in2DMode":false,"pivot":{"x":0.0,"y":1.850879430770874,"z":0.000007331371307373047},"rotation":{"x":0.2216237634420395,"y":-0.013163828290998936,"z":0.0029921026434749367,"w":0.9750388264656067},"size":6.680678367614746,"orthographic":false}