{"cameraMode":{"drawMode":0,"name":"Shaded","section":"Shading Mode"},"sceneLighting":false,"audioPlay":false,"sceneViewState":{"showFog":true,"showMaterialUpdate":false,"showSkybox":true,"showFlares":true,"showImageEffects":true,"showParticleSystems":true},"in2DMode":false,"pivot":{"x":-0.000036716461181640625,"y":0.2750000059604645,"z":0.0},"rotation":{"x":0.000301322084851563,"y":0.9949496388435364,"z":-0.10033036768436432,"w":0.00298482202924788},"size":36.94390106201172,"orthographic":false}